Macrorregião de Saúde,Região de Saúde,Cod. IBGE,Município,"Cumprimento da Diretriz do Plano de Amostragem da Vigilância
da Qualidade da Água de Consumo Humano - Parâmetros Básicos 2015.",Unnamed: 5,Unnamed: 6,Resultado indicador em  2019*,"Cumprimento da Diretriz do Plano de Amostragem da Vigilância
da Qualidade da Água de Consumo Humano - Parâmetros Básicos 2015..1",Unnamed: 9,Unnamed: 10,Resultado indicador em  2020**
Centro Leste,Seabra,290010,Abaíra,,,,0,,,,0
Norte,Paulo Afonso,290020,Abaré,"65,15%","65,15%","59,09%",62.8775,"118,18%","116,67%","116,67%",117.141875
Nordeste,Alagoinhas,290030,Acajutiba,,"65,00%","65,00%",44.6875,,"75,00%","74,17%",51.25125
Nordeste,Ribeira do Pombal,290035,Adustina,,"90,83%","91,67%",62.76062499999999,,"100,00%","99,17%",68.43875
Centro Leste,Serrinha,290040,Água Fria,"119,17%","119,17%","119,17%",119.17,"80,00%","80,00%","80,00%",80
Sul,Jequié,290060,Aiquara,"95,83%","95,83%","95,83%",95.83,"66,67%","66,67%","65,28%",66.14875
Nordeste,Alagoinhas,290070,Alagoinhas,"84,67%","97,67%","97,67%",93.60749999999999,"88,33%","88,67%","89,00%",88.6875
Extremo Sul,Teixeira de Freitas,290080,Alcobaça,,"55,30%","55,30%",38.018750000000004,"35,61%","44,70%","44,70%",41.859375
Sul,Itabuna,290090,Almadina,"3,70%","42,59%","53,70%",34.603125,"58,33%","78,70%","87,96%",75.806875
Leste,Santo Antônio de Jesus,290100,Amargosa,"100,00%","100,00%","100,00%",100,"68,59%","68,59%","68,59%",68.59
Centro Leste,Feira de Santana,290110,Amélia Rodrigues,,,,0,,,,0
Centro Norte,Irecê,290115,América Dourada,,,,0,,,,0
Sudoeste,Vitória da Conquista,290120,Anagé,"114,17%","132,50%","129,17%",125.52312500000001,"72,50%","71,67%","70,00%",71.303125
Centro Leste,Itaberaba,290130,Andaraí,"5,83%","14,17%","14,17%",11.563749999999999,"17,50%","35,83%","35,83%",30.101875
Norte,Senhor do Bonfim,290135,Andorinha,,,,0,,,,0
Oeste,Barreiras,290140,Angical,,"1,67%","1,67%",1.1481249999999998,,,,0
Centro Leste,Feira de Santana,290150,Anguera,"83,33%","75,00%","83,33%",80.72687499999999,"93,52%","93,52%","93,52%",93.52
Nordeste,Ribeira do Pombal,290160,Antas,"56,06%","74,24%","74,24%",68.55875,"42,42%","54,55%","55,30%",51.040625
Centro Leste,Feira de Santana,290170,Antônio Cardoso,"64,17%","65,83%","65,83%",65.31125,"100,00%","100,00%","98,33%",99.37375
Norte,Senhor do Bonfim,290180,Antônio Gonçalves,"12,50%",,"86,67%",36.4075,,,,0
Nordeste,Alagoinhas,290190,Aporá,,"32,50%","33,33%",22.655,,"40,00%","39,17%",27.18875
Sul,Jequié,290195,Apuarema,"6,48%","12,96%","12,96%",10.935,"25,93%","40,74%","39,81%",35.763125
Nordeste,Alagoinhas,290205,Araçás,"102,50%","98,33%","98,33%",99.63312499999999,"100,00%","104,17%","104,17%",102.866875
Sudoeste,Brumado,290200,Aracatu,"65,00%","65,00%","63,33%",64.37375,"6,67%","6,67%","6,67%",6.67
Centro Leste,Serrinha,290210,Araci,"109,44%","113,33%","112,22%",111.698125,"102,22%","102,22%","100,00%",101.3875
Nordeste,Alagoinhas,290220,Aramari,"45,00%","56,67%","54,17%",52.08562499999999,"47,50%","55,00%","55,00%",52.65625
Sul,Ilhéus,290225,Arataca,"46,30%","45,37%","46,30%",46.009375000000006,"70,37%","51,85%","70,37%",64.5825
Leste,Santo Antônio de Jesus,290230,Aratuípe,"74,07%","91,67%","89,81%",85.47250000000001,"38,89%","59,26%","59,26%",52.894375
Sul,Itabuna,290240,Aurelino Leal,,,,0,,"33,33%","31,67%",22.291875
Oeste,Barreiras,290250,Baianópolis,,,,0,,,,0
Centro Leste,Feira de Santana,290260,Baixa Grande,,,,0,,,,0
Nordeste,Ribeira do Pombal,290265,Banzaê,"58,33%","59,17%","59,17%",58.9075,"74,17%","73,33%","74,17%",73.9075
Oeste,Ibotirama,290270,Barra,"16,67%","16,67%","15,56%",16.253749999999997,,,,0
Sudoeste,Brumado,290280,Barra da Estiva,,"59,85%","59,85%",41.146875,,"34,85%","35,61%",24.244375
Sudoeste,Vitória da Conquista,290290,Barra do Choça,"104,86%","104,86%","104,17%",104.60125000000001,"87,50%","88,19%","86,11%",87.194375
Centro Norte,Irecê,290300,Barra do Mendes,,,,0,,,,0
Sul,Jequié,290310,Barra do Rocha,,"86,11%","86,11%",59.200624999999995,"12,96%","78,70%","77,78%",57.81125
Oeste,Barreiras,290320,Barreiras,"122,00%","115,00%","115,67%",117.43875,"60,90%","37,50%","37,50%",44.8125
Centro Norte,Irecê,290323,Barro Alto,,,,0,,,,0
Sul,Itabuna,290330,Barro Preto,,"45,37%","72,22%",41.260625,,"33,33%","33,33%",22.914375
Centro Leste,Serrinha,290327,Barrocas,"110,00%","110,83%","118,33%",113.38312499999998,"101,67%","101,67%","101,67%",101.67
Extremo Sul,Porto Seguro,290340,Belmonte,"8,33%","98,48%","98,48%",70.308125,"92,42%","102,27%","100,76%",98.625625
Sudoeste,Vitória da Conquista,290350,Belo Campo,"75,00%","98,33%","97,50%",90.72812499999999,"71,67%","76,67%","76,67%",75.1075
Centro Leste,Serrinha,290360,Biritinga,"95,00%","110,00%","120,00%",109.0625,"101,67%","103,33%","102,50%",102.5
Sul,Jequié,290370,Boa Nova,"105,83%","110,00%","110,00%",108.69687499999998,"99,17%","105,00%","104,17%",102.866875
Centro Leste,Itaberaba,290380,Boa Vista do Tupim,,,,0,,,,0
Oeste,Santa Maria da Vitória,290390,Bom Jesus da Lapa,"34,31%","71,57%","70,59%",59.558749999999996,"17,16%","17,16%","17,16%",17.16
Sudoeste,Vitória da Conquista,290395,Bom Jesus da Serra,"100,00%","99,07%","101,85%",100.40312499999999,"95,37%","95,37%","95,37%",95.37
Centro Leste,Seabra,290400,Boninal,,"58,33%","58,33%",40.101875,,,,0
Centro Leste,Itaberaba,290405,Bonito,,,,0,,,,0
Sudoeste,Brumado,290410,Boquira,,"21,97%","21,97%",15.104374999999997,"4,55%","6,82%","6,82%",6.110625
Sudoeste,Brumado,290420,Botuporâ,"18,52%","18,52%","18,52%",18.52,,,,0
Sul,Jequié,290430,Brejões,"45,83%","66,67%","66,67%",60.1575,"48,33%","74,17%","73,33%",65.78
Oeste,Barreiras,290440,Brejolândia,,"5,56%","5,56%",3.8224999999999993,,"37,96%","37,96%",26.0975
Oeste,Ibotirama,290450,Brotas de Macaúbas,,"0,93%","0,93%",0.6393749999999999,,,,0
Sudoeste,Brumado,290460,Brumado,"84,31%","98,53%","95,10%",92.8,"53,43%","58,33%","57,84%",56.615
Sul,Itabuna,290470,Buerarema,,"75,83%","98,33%",60.57062499999999,,"70,83%","85,83%",54.320625
Oeste,Ibotirama,290475,Buritirama,"91,67%","79,55%","76,52%",82.20125,"6,06%","15,15%","15,15%",12.309375
Sudoeste,Itapetinga,290480,Caatiba,"112,04%","128,70%","125,00%",122.10624999999999,"47,22%","47,22%","47,22%",47.22
Leste,Cruz das Almas,290485,Cabaceiras do Paraguaçu,"100,83%","105,83%","105,00%",103.95625,"46,97%","46,97%","46,21%",46.685
Leste,Cruz das Almas,290490,Cachoeira,"23,08%","38,46%","38,46%",33.653749999999995,"53,47%","53,47%","52,78%",53.21125
Sudoeste,Guanambi,290500,Caculé,"77,27%","80,30%","80,30%",79.35312499999999,"72,73%","64,39%","72,73%",70.12375
Centro Norte,Jacobina,290510,Caém,"103,70%","104,63%","104,63%",104.33937499999999,"90,74%","91,67%","90,74%",91.030625
Sudoeste,Vitória da Conquista,290515,Caetanos,"77,50%","95,83%","95,83%",90.10187499999999,"81,67%","82,50%","82,50%",82.240625
Sudoeste,Guanambi,290520,Caetité,"38,89%","73,89%","73,89%",62.9525,"79,44%","98,33%","98,33%",92.426875
Centro Norte,Irecê,290530,Cafarnaum,,,,0,,,,0
Sul,Valença,290540,Cairu,"24,17%","47,50%","46,67%",39.89812499999999,"56,67%","55,83%","54,17%",55.47
Centro Norte,Jacobina,290550,Caldeirão Grande,"33,33%","75,00%","83,33%",65.10187499999999,"91,67%","91,67%","90,83%",91.355
Sul,Itabuna,290560,Camacan,"58,33%","70,83%","95,83%",76.29875,"65,97%","65,28%","81,25%",71.484375
Leste,Camaçari,290570,Camaçari,"82,62%","97,62%","97,86%",93.02250000000001,"106,19%","102,62%","103,57%",104.091875
Sul,Valença,290580,Camamu,"57,69%","66,03%","65,38%",63.17999999999999,"49,36%","66,03%","66,03%",60.820625
Norte,Juazeiro,290590,Campo Alegre de Lourdes,,,,0,,,,0
Norte,Senhor do Bonfim,290600,Campo Formoso,"38,24%","9,80%","52,45%",34.68125,"3,43%","6,86%","7,35%",5.971875
Oeste,Santa Maria da Vitória,290610,Canápolis,,"82,41%","68,52%",51.44812499999999,,"16,67%","16,67%",11.460625
Centro Norte,Irecê,290620,Canarana,,,,0,,,,0
Sul,Ilhéus,290630,Canavieiras,"74,31%","72,92%","97,92%",82.72937499999999,"77,78%","72,92%","89,58%",80.68625
Centro Leste,Feira de Santana,290640,Candeal,"47,22%","79,63%","79,63%",69.50187499999998,"53,70%","51,85%","51,85%",52.428125
Leste,Salvador,290650,Candeias,"81,14%","92,11%","90,79%",88.186875,"70,61%","69,30%","71,05%",70.365625
Sudoeste,Guanambi,290660,Candiba,"33,33%","33,33%","33,33%",33.33,"25,00%","25,00%","25,00%",25
Sudoeste,Vitória da Conquista,290670,Cândido Sales,"104,55%","104,55%","104,55%",104.54999999999998,"54,55%","54,55%","54,55%",54.55
Centro Leste,Serrinha,290680,Cansanção,"120,51%","123,08%","123,08%",122.27687499999999,"123,08%","123,08%","123,08%",123.08
Norte,Juazeiro,290682,Canudos,"30,00%","100,00%","100,00%",78.125,"81,67%","82,50%","81,67%",81.929375
Centro Leste,Feira de Santana,290685,Capela do Alto Alegre,,"94,17%","94,17%",64.74187500000001,,"53,33%","53,33%",36.664375
Centro Norte,Jacobina,290687,Capim Grosso,"85,42%","78,47%","84,72%",82.98562500000001,"41,67%","90,97%","89,58%",75.0425
Sudoeste,Vitória da Conquista,290689,Caraíbas,"69,44%","70,37%","70,37%",70.079375,"76,85%","80,56%","80,56%",79.400625
Extremo Sul,Teixeira de Freitas,290690,Caravelas,"65,91%","97,73%","90,15%",84.94375,"86,36%","99,24%","96,21%",94.07875
Nordeste,Alagoinhas,290700,Cardeal da Silva,"10,19%","60,19%","40,74%",37.271249999999995,,"29,63%","13,89%",14.468125
Sudoeste,Guanambi,290710,Carinhanha,"90,28%","95,83%","95,14%",93.83687499999999,"55,56%","55,56%","55,56%",55.56
Norte,Juazeiro,290720,Casa Nova,,,,0,,,,0
Leste,Santo Antônio de Jesus,290730,Castro Alves,"98,48%","99,24%","98,48%",98.71749999999999,"86,81%","86,81%","86,11%",86.5475
Oeste,Barreiras,290740,Catolândia,"102,78%","170,83%","169,44%",149.04312499999997,"8,33%","11,11%","11,11%",10.24125
Nordeste,Alagoinhas,290750,Catu,"94,44%","108,89%","108,33%",104.16437499999999,"106,67%","120,56%","120,00%",116.009375
Sudoeste,Brumado,290755,Caturama,"55,56%","56,48%","56,48%",56.1925,"47,22%","47,22%","47,22%",47.22
Centro Norte,Irecê,290760,Central,,,,0,"23,33%","20,83%","23,33%",22.54875
Norte,Paulo Afonso,290770,Chorrochó,,"122,22%","122,22%",84.02624999999999,,"55,56%","55,56%",38.1975
Nordeste,Ribeira do Pombal,290780,Cícero Dantas,,"102,78%","102,08%",70.39874999999999,,"104,17%","103,47%",71.354375
Nordeste,Ribeira do Pombal,290790,Cipó,,"10,00%","10,00%",6.874999999999999,,"15,83%","15,83%",10.883125
Sul,Itabuna,290800,Coaraci,"5,00%","8,33%","17,50%",10.728124999999999,,"60,83%","65,83%",43.695625
Oeste,Santa Maria da Vitória,290810,Cocos,,"4,17%","5,00%",3.1781249999999996,,,,0
Leste,Cruz das Almas,290820,Conceição da Feira,"103,03%","103,79%","103,79%",103.55249999999998,"83,33%","83,33%","81,82%",82.76375
Leste,Santo Antônio de Jesus,290830,Conceição do Almeida,"95,00%","114,17%","111,67%",107.24187499999998,"116,67%","120,00%","118,33%",118.333125
Centro Leste,Serrinha,290840,Conceição do Coité,"115,20%","117,16%","117,16%",116.54749999999999,"114,22%","107,84%","107,35%",109.65
Centro Leste,Feira de Santana,290850,Conceição do Jacuípe,"100,00%","100,00%","100,00%",100,"90,97%","90,97%","90,28%",90.71125
Leste,Camaçari,290860,Conde,,,,0,,,,0
Sudoeste,Vitória da Conquista,290870,Condeúba,"95,00%","94,17%","94,17%",94.429375,"49,17%","49,17%","48,33%",48.855
Sudoeste,Brumado,290880,Contendas do Sincorá,"84,72%","95,83%","95,83%",92.35812499999999,"61,11%","63,89%","63,89%",63.02125
Centro Leste,Feira de Santana,290890,Coração de Maria,"0,76%","38,64%","38,64%",26.802499999999995,,,,0
Sudoeste,Vitória da Conquista,290900,Cordeiros,"64,81%","93,52%","94,44%",84.893125,"65,74%","72,22%","72,22%",70.195
Oeste,Santa Maria da Vitória,290910,Coribe,,,,0,,,,0
Nordeste,Ribeira do Pombal,290920,Coronel João Sá,,,,0,,"90,83%","90,00%",62.134375
Oeste,Santa Maria da Vitória,290930,Correntina,,"36,11%","23,61%",20.138125,,,,0
Oeste,Barreiras,290940,Cotegipe,"0,83%","0,83%","0,83%",0.83,,,,0
Sul,Jequié,290950,Cravolândia,"62,96%","53,70%","53,70%",56.59375,"78,70%","74,07%","74,07%",75.516875
Nordeste,Alagoinhas,290960,Crisópolis,,"3,79%","3,79%",2.6056250000000003,,"15,91%","15,91%",10.938125
Oeste,Barreiras,290970,Cristópolis,"61,67%","80,83%","81,67%",75.1575,"14,17%","16,67%","16,67%",15.88875
Leste,Cruz das Almas,290980,Cruz das Almas,"99,48%","97,40%","97,92%",98.24499999999999,"84,90%","84,90%","84,90%",84.9
Norte,Juazeiro,290990,Curaçá,,,,0,,,,0
Sul,Jequié,291000,Dário Meira,"83,33%","92,59%","92,59%",89.69624999999999,"44,44%","45,37%","45,37%",45.079375
Leste,Camaçari,291005,Dias d'Ávila,"59,26%","100,00%","99,07%",86.92,"64,81%","93,06%","93,06%",84.231875
Sudoeste,Brumado,291010,Dom Basílio,"90,83%","92,50%","92,50%",91.97812499999999,"66,67%","66,67%","66,67%",66.67
Leste,Santo Antônio de Jesus,291020,Dom Macedo Costa,"45,83%","45,83%","45,83%",45.82999999999999,"48,61%","48,61%","48,61%",48.61
Leste,Santo Antônio de Jesus,291030,Elísio Medrado,,"68,52%","68,52%",47.107499999999995,,"60,19%","61,11%",41.725625
Sudoeste,Vitória da Conquista,291040,Encruzilhada,"109,17%","110,83%","110,83%",110.31125,"65,83%","65,83%","65,83%",65.83
Nordeste,Alagoinhas,291050,Entre Rios,"71,43%","89,29%","89,29%",83.70875,"75,00%","79,76%","79,76%",78.2725
Sudoeste,Brumado,290050,Érico Cardoso,"100,93%","100,93%","99,07%",100.23249999999999,"63,89%","64,81%","64,81%",64.5225
Nordeste,Alagoinhas,291060,Esplanada,"28,85%","36,54%","36,54%",34.136874999999996,"41,67%","51,92%","52,56%",48.956875
Centro Leste,Serrinha,291070,Euclides da Cunha,"125,00%","125,00%","125,00%",125,"125,00%","125,00%","125,00%",125
Extremo Sul,Porto Seguro,291072,Eunápolis,"63,10%","103,57%","103,57%",90.923125,"96,03%","98,02%","98,02%",97.398125
Nordeste,Ribeira do Pombal,291075,Fátima,"89,17%","89,17%","89,17%",89.16999999999999,"74,17%","82,50%","82,50%",79.896875
Sudoeste,Guanambi,291077,Feira da Mata,"4,63%","4,63%","4,63%",4.63,"44,44%","44,44%","43,52%",44.095
Centro Leste,Feira de Santana,291080,Feira de Santana,"88,83%","89,54%","89,36%",89.250625,"62,94%","62,94%","62,59%",62.80875
Norte,Senhor do Bonfim,291085,Filadélfia,"82,50%","33,33%","82,50%",67.13437499999999,,,,0
Sudoeste,Itapetinga,291090,Firmino Alves,"89,81%","89,81%","85,19%",88.0775,"87,96%","88,89%","87,04%",87.905625
Sul,Itabuna,291100,Floresta Azul,"16,67%","58,33%","90,74%",57.46499999999999,"29,63%","16,67%","31,48%",26.27375
Oeste,Barreiras,291110,Formosa do Rio Preto,"109,85%","115,91%","115,91%",114.01625,"100,00%","33,33%","33,33%",54.164375
Sul,Valença,291120,Gandu,,"88,89%","88,89%",61.111875000000005,,"72,22%","63,19%",46.265
Centro Leste,Feira de Santana,291125,Gavião,"100,00%","100,00%","98,61%",99.47875,"100,00%","100,00%","95,83%",98.43625
Centro Norte,Irecê,291130,Gentio do Ouro,"5,56%","5,56%","5,56%",5.559999999999999,,,,0
Norte,Paulo Afonso,291140,Glória,"120,00%","120,00%","120,00%",120,"120,00%","120,00%","120,00%",120
Sul,Itabuna,291150,Gongogi,,,,0,,,,0
Leste,Cruz das Almas,291160,Governador Mangabeira,"105,30%","100,00%","100,00%",101.65625,"96,97%","103,03%","103,03%",101.13625
Sudoeste,Brumado,291165,Guajeru,"73,15%","91,67%","91,67%",85.8825,"77,78%","88,89%","88,89%",85.418125
Sudoeste,Guanambi,291170,Guanambi,"68,98%","74,54%","74,54%",72.8025,"54,63%","56,94%","55,56%",55.700625
Extremo Sul,Porto Seguro,291180,Guaratinga,"14,39%","39,39%","39,39%",31.577499999999993,,,,0
Nordeste,Ribeira do Pombal,291185,Heliópolis,,"85,00%","85,00%",58.4375,,"85,00%","85,00%",58.4375
Centro Leste,Itaberaba,291190,Iaçu,"29,55%","29,55%","29,55%",29.549999999999997,,,,0
Sudoeste,Guanambi,291200,Ibiassucê,"88,89%","100,00%","100,00%",96.52812499999999,"75,93%","86,11%","86,11%",82.92875
Sul,Itabuna,291210,Ibicaraí,,"31,82%","54,55%",30.399999999999995,,"12,88%","12,88%",8.855
Sudoeste,Brumado,291220,Ibicoara,"66,67%","87,12%","87,12%",80.72937499999999,"56,82%","65,91%","65,15%",62.784375
Sudoeste,Itapetinga,291230,Ibicuí,"79,17%","79,17%","79,17%",79.16999999999999,"30,00%","30,83%","29,17%",29.948125
Centro Norte,Irecê,291240,Ibipeba,,,,0,,,,0
Sudoeste,Brumado,291250,Ibipitanga,"85,00%","85,00%","85,00%",84.99999999999999,"80,00%","80,83%","80,83%",80.570625
Centro Leste,Itaberaba,291260,Ibiquera,,"72,22%","70,83%",49.129999999999995,,"45,83%","45,83%",31.508125
Sul,Itabuna,291270,Ibirapitanga,,"51,52%","70,45%",42.51875,,"53,03%","65,15%",41.003125
Extremo Sul,Teixeira de Freitas,291280,Ibirapuã,"18,52%","21,30%","21,30%",20.43125,"32,41%","26,85%","26,85%",28.5875
Sul,Jequié,291290,Ibirataia,,"40,83%","40,83%",28.070625,,"34,17%","34,17%",23.491875
Centro Leste,Seabra,291300,Ibitiara,,"86,67%","85,83%",59.270624999999995,,"37,50%","37,50%",25.78125
Centro Norte,Irecê,291310,Ibititá,,,,0,,,,0
Oeste,Ibotirama,291320,Ibotirama,,,,0,,,,0
Centro Leste,Feira de Santana,291330,Ichu,"25,00%","70,37%","70,37%",56.191875,"41,67%","50,00%","50,00%",47.396875
Sudoeste,Guanambi,291340,Igaporã,,"91,67%","90,83%",62.708125,,"16,67%","15,83%",11.145625
Sul,Valença,291345,Igrapiúna,"35,00%","75,00%","75,00%",62.5,"70,00%","98,33%","98,33%",89.476875
Sudoeste,Itapetinga,291350,Iguaí,,"28,47%","28,47%",19.573125,,"92,36%","92,36%",63.4975
Sul,Ilhéus,291360,Ilhéus,,"34,94%","46,79%",28.464999999999996,,"8,33%","12,50%",7.290625
Nordeste,Alagoinhas,291370,Inhambupe,"43,59%","81,41%","81,41%",69.59124999999999,"55,77%","66,67%","66,03%",63.02375
Centro Leste,Feira de Santana,291380,Ipecaetá,"89,17%","99,17%","99,17%",96.04499999999999,"67,50%","74,17%","74,17%",72.085625
Sul,Jequié,291390,Ipiaú,"100,60%","101,19%","100,00%",100.559375,"106,55%","106,55%","106,55%",106.55
Centro Leste,Feira de Santana,291400,Ipirá,,"28,65%","32,81%",21.256875,,,,0
Oeste,Ibotirama,291410,Ipupiara,,"39,81%","39,81%",27.369375,,"3,70%","3,70%",2.54375
Sul,Jequié,291420,Irajuba,"12,04%","68,52%","67,59%",50.521249999999995,"23,15%","31,48%","31,48%",28.876875
Sul,Jequié,291430,Iramaia,,"82,41%",,25.753124999999997,,"38,89%","33,33%",24.651875
Centro Leste,Seabra,291440,Iraquara,"77,27%","99,24%","98,48%",92.08937499999999,"115,15%","108,33%","108,33%",110.46125
Centro Leste,Feira de Santana,291450,Irará,"1,39%","5,56%","5,56%",4.256874999999999,,,,0
Centro Norte,Irecê,291460,Irecê,,,,0,,,,0
Extremo Sul,Porto Seguro,291465,Itabela,"65,97%","98,61%","98,61%",88.40999999999998,"100,00%","100,00%","100,00%",100
Centro Leste,Itaberaba,291470,Itaberaba,"93,23%","93,23%","93,23%",93.23,"76,56%","76,56%","76,56%",76.56
Sul,Itabuna,291480,Itabuna,"77,42%","68,55%","98,39%",82.51187499999999,"50,27%","64,25%","79,84%",65.7275
Sul,Ilhéus,291490,Itacaré,,"2,78%","2,78%",1.9112499999999997,,"0,69%","0,69%",0.474375
Centro Leste,Itaberaba,291500,Itaeté,,,,0,,,,0
Sul,Jequié,291510,Itagi,"95,83%","95,83%","95,00%",95.51875,"100,00%","100,00%","100,00%",100
Sul,Jequié,291520,Itagibá,"80,00%","87,50%","86,67%",84.845,"66,67%","66,67%","66,67%",66.67
Extremo Sul,Porto Seguro,291530,Itagimirim,,"86,11%","79,63%",56.770624999999995,,"40,74%","39,81%",27.66
Centro Norte,Irecê,291535,Itaguaçu da Bahia,,,,0,,,,0
Sul,Itabuna,291540,Itaju do Colônia,"71,30%","58,33%","83,33%",71.758125,"55,56%","40,74%","57,41%",51.6225
Sul,Itabuna,291550,Itajuípe,"25,76%","31,06%","50,76%",36.79125,"68,18%","62,88%","79,55%",70.7875
Extremo Sul,Teixeira de Freitas,291560,Itamaraju,"21,35%","114,58%","114,58%",85.44562499999999,"96,35%","106,25%","105,73%",102.96125
Sul,Jequié,291570,Itamari,,"50,93%","50,00%",34.66562499999999,,"39,81%","39,81%",27.369375
Sudoeste,Itapetinga,291580,Itambé,"90,91%","90,91%","90,91%",90.91,"93,18%","93,18%","93,18%",93.18
Nordeste,Alagoinhas,291590,Itanagra,"51,85%","65,74%","65,74%",61.39937499999999,"35,19%","50,00%","45,37%",43.635625
Extremo Sul,Teixeira de Freitas,291600,Itanhém,,"0,76%","0,76%",0.5225,,,,0
Leste,Salvador,291610,Itaparica,,"68,94%","65,15%",45.975,,,,0
Sul,Itabuna,291620,Itapé,,"74,07%","97,22%",59.604375,"44,44%","57,41%","62,96%",55.438125
Extremo Sul,Porto Seguro,291630,Itapebi,"24,07%","102,78%","100,00%",77.14062499999999,"33,33%","75,00%","75,00%",61.978125
Sudoeste,Itapetinga,291640,Itapetinga,"94,91%","94,44%","93,98%",94.41437499999999,"91,67%","91,67%","90,74%",91.32125
Nordeste,Alagoinhas,291650,Itapicuru,"41,67%","67,31%","67,31%",59.2975,"55,77%","98,72%","98,72%",85.298125
Sul,Itabuna,291660,Itapitanga,"82,41%","58,33%","59,26%",66.20375,"117,59%","75,00%","66,67%",85.185625
Sul,Jequié,291670,Itaquara,"67,59%","69,44%","68,52%",68.51687499999998,"75,00%","75,00%","74,07%",74.65125
Sudoeste,Itapetinga,291680,Itarantim,"96,21%","96,21%","96,21%",96.20999999999998,"72,73%","81,82%","81,82%",78.979375
Leste,Santo Antônio de Jesus,291685,Itatim,"100,00%","91,67%","91,67%",94.273125,"66,67%","41,67%","48,33%",51.98
Sul,Jequié,291690,Itiruçú,,"69,17%","70,00%",47.865624999999994,"14,17%","16,67%","20,00%",17.1375
Norte,Senhor do Bonfim,291700,Itiúba,"80,77%","47,44%","126,28%",87.420625,"71,79%","69,87%","101,28%",82.24875
Sudoeste,Itapetinga,291710,Itororó,"106,82%","106,82%","106,82%",106.81999999999998,"91,67%","93,18%","93,18%",92.708125
Sudoeste,Brumado,291720,Ituaçu,"103,79%","103,79%","103,03%",103.505,"84,09%","84,09%","83,33%",83.805
Sul,Valença,291730,Ituberá,,"66,67%","66,67%",45.83562499999999,,"39,58%","38,19%",26.69
Sudoeste,Guanambi,291733,Iuiú,"17,59%","17,59%","17,59%",17.59,,,,0
Oeste,Santa Maria da Vitória,291735,Jaborandi,"62,04%","81,48%","81,48%",75.405,"16,67%","16,67%","16,67%",16.67
Sudoeste,Guanambi,291740,Jacaraci,"89,17%","95,00%","95,00%",93.178125,"91,67%","100,00%","100,00%",97.396875
Centro Norte,Jacobina,291750,Jacobina,"82,41%","94,44%","94,44%",90.68062499999999,"82,87%","91,67%","91,67%",88.92
Sul,Jequié,291760,Jaguaquara,"131,11%","128,89%","130,00%",130,"92,78%","91,67%","91,67%",92.016875
Norte,Senhor do Bonfim,291770,Jaguarari,"27,08%","4,86%","27,08%",20.136249999999997,"1,39%","2,08%","2,08%",1.864375
Leste,Santo Antônio de Jesus,291780,Jaguaripe,"92,50%","95,00%","92,50%",93.28125,"53,03%","53,79%","52,27%",52.9825
Nordeste,Alagoinhas,291790,Jandaíra,"46,30%","83,33%","83,33%",71.758125,,"59,26%","59,26%",40.74125
Sul,Jequié,291800,Jequié,"114,10%","115,71%","115,71%",115.20687499999997,"82,37%","82,37%","82,05%",82.25
Norte,Paulo Afonso,291810,Jeremoabo,"115,38%","115,38%","115,38%",115.37999999999997,"114,74%","115,38%","115,38%",115.18
Leste,Santo Antônio de Jesus,291820,Jiquiriçá,"93,33%","115,00%","115,00%",108.22812499999999,"100,00%","102,50%","102,50%",101.71875
Sul,Jequié,291830,Jitaúna,"78,33%","74,17%","77,50%",76.71875,"106,48%","106,48%","106,48%",106.48
Centro Norte,Irecê,291835,João Dourado,,,,0,"8,33%","35,61%","34,85%",26.8
Norte,Juazeiro,291840,Juazeiro,,,,0,,,,0
Extremo Sul,Teixeira de Freitas,291845,Jucuruçu,,,,0,,,,0
Centro Norte,Irecê,291850,Jussara,,,,0,,,,0
Sul,Itabuna,291855,Jussari,,"72,22%","103,70%",61.45624999999999,,"81,48%","97,22%",61.92
Sudoeste,Brumado,291860,Jussiape,"70,37%","71,30%","71,30%",71.00937499999999,"62,96%","66,67%","66,67%",65.510625
Sul,Jequié,291870,Lafaiete Coutinho,"84,72%","97,22%","97,22%",93.31375,"73,61%","95,83%","95,83%",88.88625
Sudoeste,Guanambi,291875,Lagoa Real,"47,50%","47,50%","45,83%",46.873749999999994,"49,17%","49,17%","49,17%",49.17
Leste,Santo Antônio de Jesus,291880,Laje,"48,48%","83,33%","83,33%",72.439375,"53,79%","88,64%","87,12%",77.179375
Extremo Sul,Teixeira de Freitas,291890,Lajedão,"13,89%","90,28%","90,28%",66.40812500000001,"19,44%","69,44%","68,06%",53.2975
Centro Leste,Itaberaba,291900,Lajedinho,"62,50%","91,67%","90,28%",82.03312500000001,"91,67%","100,00%","98,61%",96.875625
Sul,Jequié,291905,Lajedo do Tabocal,"95,37%","97,22%","98,15%",96.990625,"104,63%","105,56%","105,56%",105.269375
Centro Leste,Serrinha,291910,Lamarão,"123,15%","123,15%","122,22%",122.80125,"38,89%","77,78%","76,85%",65.278125
Centro Norte,Irecê,291915,Lapão,,,,0,,,,0
Leste,Salvador,291920,Lauro de Freitas,"107,50%","109,44%","109,44%",108.83375,"68,06%","66,67%","66,67%",67.104375
Centro Leste,Seabra,291930,Lençóis,"0,83%","78,33%","78,33%",54.11125,,"44,17%","44,17%",30.366875
Sudoeste,Guanambi,291940,Licínio de Almeida,"36,67%","72,50%","71,67%",60.99187499999999,"35,00%","58,33%","58,33%",51.039375
Sudoeste,Brumado,291950,Livramento de Nossa Senhora,"97,02%","100,00%","100,00%",99.06875,"98,21%","100,00%","100,00%",99.440625
Oeste,Barreiras,291955,Luís Eduardo Magalhães,"54,17%","73,61%","71,76%",66.84125,"5,26%","15,79%","15,79%",12.499375
Centro Leste,Itaberaba,291960,Macajuba,,"98,33%","98,33%",67.60187499999999,"57,50%","83,33%","83,33%",75.258125
Sudoeste,Itapetinga,291970,Macarani,"57,50%","99,17%","94,17%",84.27312500000001,"76,52%","79,55%","79,55%",78.603125
Sudoeste,Brumado,291980,Macaúbas,"35,00%","35,00%","35,00%",34.99999999999999,"41,67%","41,67%","41,67%",41.67
Norte,Paulo Afonso,291990,Macururé,,,,0,,,,0
Leste,Salvador,291992,Madre de Deus,"100,00%","100,00%","100,00%",100,"91,67%","84,09%","84,09%",86.45875
Sudoeste,Vitória da Conquista,291995,Maetinga,"130,56%","131,94%","131,94%",131.50875,"80,56%","83,33%","76,39%",79.861875
Sudoeste,Itapetinga,292000,Maiquinique,"83,33%","87,96%","87,96%",86.51312499999999,"22,22%","22,22%","22,22%",22.22
Centro Norte,Jacobina,292010,Mairi,"78,79%","90,91%","90,15%",86.83749999999999,"94,17%","107,50%","107,50%",103.334375
Sudoeste,Guanambi,292020,Malhada,"78,33%","82,50%","74,17%",78.07312499999999,"38,33%","38,33%","38,33%",38.33
Sudoeste,Brumado,292030,Malhada de Pedras,"95,37%","99,07%","99,07%",97.91375,"79,63%","79,63%","78,70%",79.28125
Sul,Jequié,292040,Manoel Vitorino,"75,00%","83,33%","83,33%",80.72687499999999,"91,67%","89,17%","85,00%",88.3875
Oeste,Barreiras,292045,Mansidão,,,,0,,,,0
Sul,Jequié,292050,Maracás,"62,88%","103,03%","103,03%",90.483125,"77,27%","100,00%","100,00%",92.896875
Leste,Cruz das Almas,292060,Maragogipe,"57,14%","57,14%","46,43%",53.123749999999994,"73,21%","73,81%","73,81%",73.6225
Sul,Itabuna,292070,Maraú,"65,91%","74,24%","90,91%",77.888125,"97,73%","81,06%","97,73%",92.520625
Centro Leste,Itaberaba,292080,Marcionílio Souza,,,,0,,,,0
Sul,Ilhéus,292090,Mascote,"30,83%","37,50%","49,17%",39.791875000000005,"32,50%","34,17%","50,00%",39.584375
Leste,Camaçari,292100,Mata de São João,"100,00%","100,00%","100,00%",100,"99,40%","100,00%","100,00%",99.8125
Sudoeste,Guanambi,292105,Matina,"65,83%","75,00%","74,17%",71.823125,"56,67%","57,50%","57,50%",57.240625
Extremo Sul,Teixeira de Freitas,292110,Medeiros Neto,"63,64%","99,24%","100,00%",88.4,"110,61%","102,27%","102,27%",104.87625
Centro Norte,Jacobina,292120,Miguel Calmon,"30,30%","44,70%","44,70%",40.199999999999996,"53,03%","44,70%","31,82%",42.473125
Leste,Santo Antônio de Jesus,292130,Milagres,,,,0,,,,0
Centro Norte,Jacobina,292140,Mirangaba,,"33,33%","33,33%",22.914375,"8,33%","50,00%","50,00%",36.978125
Sudoeste,Vitória da Conquista,292145,Mirante,"76,85%","78,70%","78,70%",78.12187499999999,"21,30%","21,30%","21,30%",21.3
Centro Leste,Serrinha,292150,Monte Santo,"82,22%","91,11%","91,11%",88.33187500000001,"57,78%","65,00%","63,33%",62.1175
Oeste,Ibotirama,292160,Morpará,,"93,52%","79,63%",59.08624999999999,,,,0
Centro Norte,Jacobina,292170,Morro do Chapéu,"79,49%","91,03%","91,03%",87.42374999999998,,"98,72%","101,28%",68.83
Sudoeste,Guanambi,292180,Mortugaba,"91,67%","95,00%","95,00%",93.95937499999998,"88,33%","89,17%","89,17%",88.9075
Centro Leste,Seabra,292190,Mucugê,"109,26%","105,56%","87,96%",100.11625,"85,19%","71,30%","73,15%",76.334375
Extremo Sul,Teixeira de Freitas,292200,Mucuri,"9,62%","105,13%","105,13%",75.28312499999998,"100,00%","100,00%","100,00%",100
Centro Norte,Irecê,292205,Mulungu do Morro,,,,0,,,,0
Centro Leste,Feira de Santana,292210,Mundo Novo,,,,0,,,,0
Leste,Santo Antônio de Jesus,292220,Muniz Ferreira,"60,19%","98,15%","97,22%",85.93875000000001,"80,56%","93,52%","93,52%",89.47
Oeste,Ibotirama,292225,Muquém do São Francisco,"50,00%",,,15.625,"70,83%","25,00%","25,00%",39.321875
Leste,Cruz das Almas,292230,Muritiba,,"46,53%","46,53%",31.989375,,"16,67%","16,67%",11.460625
Leste,Santo Antônio de Jesus,292240,Mutuípe,"72,73%","87,12%","87,12%",82.62312499999999,"48,48%","63,64%","62,88%",58.6175
Leste,Santo Antônio de Jesus,292250,Nazaré,,"105,56%","104,86%",72.31,,"75,00%","75,00%",51.5625
Sul,Valença,292260,Nilo Peçanha,"81,67%","81,67%","81,67%",81.66999999999999,"90,83%","90,83%","90,83%",90.83
Centro Leste,Serrinha,292265,Nordestina,"129,17%","129,17%","130,00%",129.48125,"101,67%","130,00%","130,00%",121.146875
Sudoeste,Itapetinga,292270,Nova Canaã,"76,67%","76,67%","76,67%",76.66999999999999,"93,33%","94,17%","94,17%",93.9075
Centro Leste,Feira de Santana,292273,Nova Fátima,,,,0,,,,0
Sul,Valença,292275,Nova Ibiá,"107,41%","111,11%","112,04%",110.3025,"100,93%","99,07%","90,74%",96.5275
Sul,Jequié,292280,Nova Itarana,"54,63%","63,89%","64,81%",61.34124999999999,"82,41%","87,96%","59,26%",75.463125
Centro Leste,Itaberaba,292285,Nova Redenção,,,,0,,,,0
Nordeste,Ribeira do Pombal,292290,Nova Soure,"65,15%","91,67%","91,67%",83.3825,"55,56%","79,17%","79,17%",71.791875
Extremo Sul,Teixeira de Freitas,292300,Nova Viçosa,"21,43%","106,55%","108,93%",80.84249999999999,,"94,05%","94,05%",64.659375
Centro Leste,Seabra,292303,Novo Horizonte,"4,17%","90,00%","90,00%",63.178124999999994,"4,17%","85,00%","85,00%",59.740625
Nordeste,Ribeira do Pombal,292305,Novo Triunfo,,,,0,,"33,33%","33,33%",22.914375
Nordeste,Ribeira do Pombal,292310,Olindina,"4,17%","73,61%","73,61%",51.90999999999999,,"99,31%","92,36%",65.669375
Oeste,Ibotirama,292320,Oliveira dos Brejinhos,,"48,48%","45,45%",32.19375,,,,0
Nordeste,Alagoinhas,292330,Ouriçangas,"5,56%","75,00%","75,00%",53.29999999999999,,"64,81%","64,81%",44.556875
Centro Norte,Jacobina,292335,Ourolândia,"24,17%","33,33%","33,33%",30.467499999999998,"10,00%","48,33%","48,33%",36.351875
Sudoeste,Guanambi,292340,Palmas de Monte Alto,"100,00%","100,00%","100,00%",100,"50,00%","55,30%","55,30%",53.64375
Centro Leste,Seabra,292350,Palmeiras,,,,0,,,,0
Sudoeste,Brumado,292360,Paramirim,"100,76%","101,52%","101,52%",101.28249999999998,"58,33%","58,33%","58,33%",58.33
Oeste,Ibotirama,292370,Paratinga,,,,0,,,,0
Nordeste,Ribeira do Pombal,292380,Paripiranga,,"66,67%","66,67%",45.83562499999999,,"90,28%","90,28%",62.0675
Sul,Itabuna,292390,Pau Brasil,"80,56%","83,33%","108,33%",91.839375,"100,00%","75,00%","91,67%",89.06375
Norte,Paulo Afonso,292400,Paulo Afonso,"113,64%","113,64%","112,88%",113.355,"110,23%","114,39%","114,39%",113.09
Centro Leste,Feira de Santana,292405,Pé de Serra,,"65,83%","73,33%",48.07062499999999,"56,67%","76,67%","76,67%",70.42
Nordeste,Alagoinhas,292410,Pedrão,"86,11%","83,33%","82,41%",83.85375,"92,59%","92,59%","91,67%",92.245
Norte,Paulo Afonso,292420,Pedro Alexandre,,"50,00%","50,00%",34.375,"3,33%","10,00%","10,00%",7.915625
Centro Leste,Seabra,292430,Piatã,,"59,17%","58,33%",40.364374999999995,,"76,67%","76,67%",52.710625
Norte,Juazeiro,292440,Pilão Arcado,,,,0,,,,0
Sudoeste,Guanambi,292450,Pindaí,"78,33%","98,33%","98,33%",92.08,"60,00%","75,00%","74,17%",70.00125
Norte,Senhor do Bonfim,292460,Pindobaçu,"157,58%","84,09%","188,64%",146.26187499999997,,,,0
Centro Leste,Feira de Santana,292465,Pintadas,"25,00%","78,70%","77,78%",61.57375,"14,81%","57,41%","57,41%",44.0975
Sul,Valença,292467,Piraí do Norte,,"62,96%","62,96%",43.285000000000004,,"54,63%","54,63%",37.558125
Sudoeste,Vitória da Conquista,292470,Piripá,"101,85%","101,85%","101,85%",101.85,"83,33%","92,59%","92,59%",89.69625
Centro Norte,Jacobina,292480,Piritiba,"32,58%","32,58%","32,58%",32.58,"64,39%","69,70%","67,42%",67.185625
Sul,Jequié,292490,Planaltino,"32,41%","33,33%","33,33%",33.042500000000004,,,,0
Sudoeste,Vitória da Conquista,292500,Planalto,"109,09%","109,09%","109,09%",109.08999999999997,"91,67%","91,67%","91,67%",91.67
Sudoeste,Vitória da Conquista,292510,Poções,"99,40%","111,90%","111,90%",107.99375,"76,19%","76,79%","76,79%",76.6025
Leste,Camaçari,292520,Pojuca,"77,56%","84,62%","83,97%",82.16999999999999,"1,92%","83,33%","83,33%",57.889375
Norte,Senhor do Bonfim,292525,Ponto Novo,"8,33%","65,83%","123,33%",69.42375000000001,"24,17%","57,50%","67,50%",50.834375
Extremo Sul,Porto Seguro,292530,Porto Seguro,"101,33%","101,33%","101,33%",101.32999999999998,"100,00%","100,33%","101,33%",100.601875
Sudoeste,Itapetinga,292540,Potiraguá,"100,00%","100,00%","98,15%",99.30624999999999,"34,26%","35,19%","35,19%",34.899375
Extremo Sul,Teixeira de Freitas,292550,Prado,,"32,64%","32,64%",22.44,"12,50%","34,72%","34,72%",27.77625
Centro Norte,Irecê,292560,Presidente Dutra,,,,0,,,,0
Sudoeste,Vitória da Conquista,292570,Presidente Jânio Quadros,"85,00%","86,67%","86,67%",86.148125,"53,33%","55,83%","55,83%",55.04875
Leste,Santo Antônio de Jesus,292575,Presidente Tancredo Neves,"102,08%","79,17%","86,81%",89.194375,"99,31%","100,00%","100,00%",99.784375
Centro Leste,Serrinha,292580,Queimadas,"106,06%","104,55%","104,55%",105.021875,"67,42%","67,42%","67,42%",67.42
Centro Leste,Serrinha,292590,Quijingue,"129,86%","130,56%","130,56%",130.34125,"122,92%","128,47%","128,47%",126.735625
Centro Norte,Jacobina,292593,Quixabeira,"38,89%","49,07%","12,04%",32.0025,"63,89%","65,74%","64,81%",64.813125
Centro Leste,Feira de Santana,292595,Rafael Jambeiro,"46,97%","56,82%","47,73%",50.333125,"65,15%","64,39%","64,39%",64.6275
Norte,Juazeiro,292600,Remanso,,,,0,,,,0
Centro Leste,Serrinha,292610,Retirolândia,,"100,00%","100,00%",68.75,,"30,00%","27,50%",19.6875
Oeste,Barreiras,292620,Riachão das Neves,"154,55%","178,79%","179,55%",171.5,"108,33%","33,33%","33,33%",56.7675
Centro Leste,Feira de Santana,292630,Riachão do Jacuípe,"72,92%","80,56%","79,86%",77.91,"56,94%","61,11%","60,42%",59.548125
Sudoeste,Guanambi,292640,Riacho de Santana,"74,36%","75,00%","75,00%",74.8,,,,0
Nordeste,Ribeira do Pombal,292650,Ribeira do Amparo,,"89,17%","89,17%",61.304375,,"100,00%","100,00%",68.75
Nordeste,Ribeira do Pombal,292660,Ribeira do Pombal,,"100,56%","99,44%",68.71499999999999,,"98,89%","98,33%",67.776875
Sudoeste,Vitória da Conquista,292665,Ribeirão do Largo,"80,56%","73,15%","73,15%",75.465625,"86,11%","84,26%","85,19%",85.186875
Sudoeste,Brumado,292670,Rio de Contas,"97,50%","100,00%","100,00%",99.21874999999999,"69,17%","69,17%","69,17%",69.17
Sudoeste,Guanambi,292680,Rio do Antônio,"40,83%","48,33%","48,33%",45.98625,"67,50%","75,00%","75,00%",72.65625
Sudoeste,Brumado,292690,Rio do Pires,"50,00%","50,00%","50,00%",50,,,,0
Nordeste,Alagoinhas,292700,Rio Real,"55,77%","57,69%","57,69%",57.08999999999998,"49,36%","51,28%","51,28%",50.68
Norte,Paulo Afonso,292710,Rodelas,"109,26%","121,30%","121,30%",117.53750000000001,"95,37%","101,85%","101,85%",99.825
Centro Leste,Itaberaba,292720,Ruy Barbosa,"95,14%","90,97%","90,28%",92.014375,"90,28%","99,31%","97,92%",95.966875
Leste,Santo Antônio de Jesus,292730,Salinas da Margarida,,"91,67%","90,83%",62.708125,,"85,83%","85,83%",59.008125
Leste,Salvador,292740,Salvador,"189,13%","191,30%","190,22%",190.216875,"141,39%","142,12%","142,21%",141.925625
Centro Leste,Feira de Santana,292750,Santa Bárbara,,,,0,,,,0
Norte,Paulo Afonso,292760,Santa Brígida,"57,50%","115,00%","115,00%",97.03124999999999,"48,33%","48,33%","48,33%",48.33
Extremo Sul,Porto Seguro,292780,Santa Cruz Cabrália,"45,14%","79,86%","84,03%",70.57374999999999,"100,00%","100,00%","100,00%",100
Sul,Itabuna,292770,Santa Cruz da Vitória,"100,00%","75,00%","100,00%",92.1875,"91,67%","58,33%","75,00%",75
Sul,Jequié,292790,Santa Inês  ,"39,81%","39,81%","39,81%",39.809999999999995,"67,59%","65,74%","66,67%",66.666875
Sul,Ilhéus,292805,Santa Luzia,"50,00%","58,33%","72,50%",61.04062499999999,,,,0
Oeste,Santa Maria da Vitória,292810,Santa Maria da Vitória,,"173,72%","172,44%",118.9525,"12,82%","35,26%","35,26%",28.2475
Oeste,Barreiras,292840,Santa Rita de Cássia,"2,08%","87,50%","88,89%",61.3275,"7,64%","16,67%","16,67%",13.848125
Leste,Santo Antônio de Jesus,292850,Santa Teresinha,"135,19%","135,19%","135,19%",135.19,"110,19%","100,00%","100,00%",103.184375
Centro Leste,Serrinha,292800,Santaluz,"63,46%","65,38%","64,74%",64.53999999999999,"91,67%","90,38%","90,38%",90.783125
Oeste,Santa Maria da Vitória,292820,Santana,,,,0,,,,0
Centro Leste,Feira de Santana,292830,Santanópolis,"91,67%","91,67%","91,67%",91.67,"79,63%","79,63%","79,63%",79.63
Leste,Salvador,292860,Santo Amaro,,"99,48%","100,52%",68.78249999999998,,"111,98%","111,98%",76.98625
Leste,Santo Antônio de Jesus,292870,Santo Antônio de Jesus,"100,00%","114,17%","114,17%",109.741875,"83,33%","83,75%","83,75%",83.61875
Centro Leste,Feira de Santana,292880,Santo Estêvão,"62,22%","96,67%","96,67%",85.904375,"72,22%","98,89%","98,89%",90.555625
Oeste,Barreiras,292890,São Desidério,"140,28%","147,92%","150,00%",146.3125,"12,50%","16,67%","16,67%",15.366875
Centro Leste,Serrinha,292895,São Domingos,"132,41%","134,26%","134,26%",133.681875,"63,89%","63,89%","63,89%",63.89
Leste,Santo Antônio de Jesus,292910,São Felipe,"64,39%","96,21%","94,70%",85.7,"64,39%","96,97%","97,73%",87.07375
Leste,Cruz das Almas,292900,São Félix,,"75,00%","80,00%",53.43749999999999,,"80,00%","33,33%",37.49875
Leste,Santa Maria da Vitória,292905,São Félix do Coribe,,,,0,,,,0
Leste,Salvador,292920,São Francisco do Conde,"39,10%","63,46%","63,46%",55.847500000000004,,"3,21%","3,21%",2.206875
Centro Norte,Irecê,292925,São Gabriel,,,,0,,,,0
Centro Leste,Feira de Santana,292930,São Gonçalo dos Campos,"81,41%","83,97%","84,62%",83.41375,"81,41%","82,05%","80,77%",81.37
Sul,Itabuna,292935,São José da Vitória,"85,19%","76,85%","84,26%",82.235,"120,37%","75,00%","83,33%",92.301875
Centro Norte,Jacobina,292937,São José do Jacuípe,"23,15%","64,81%","64,81%",51.79124999999999,,"8,33%","8,33%",5.726875
Leste,Santo Antônio de Jesus,292940,São Miguel das Matas,,"16,67%","15,83%",11.145624999999999,,,,0
Leste,Salvador,292950,São Sebastião do Passé,"80,36%","81,55%","75,60%",78.94687499999999,"69,64%","93,45%","91,07%",85.116875
Leste,Cruz das Almas,292960,Sapeaçu,,"30,83%","30,83%",21.195625,,"30,83%","30,83%",21.195625
Nordeste,Alagoinhas,292970,Sátiro Dias,"37,12%","62,12%","62,12%",54.30749999999998,"53,33%","110,00%","110,00%",92.290625
Leste,Salvador,292975,Saubara,"98,33%","100,00%","99,17%",99.16687499999999,"118,33%","118,33%","117,50%",118.01875
Centro Norte,Jacobina,292980,Saúde,"92,50%","100,00%","99,17%",97.345,"83,33%","100,00%","100,00%",94.790625
Centro Leste,Seabra,292990,Seabra,"86,31%","88,69%","88,69%",87.94625,"46,43%","45,83%","45,83%",46.0175
Sudoeste,Guanambi,293000,Sebastião Laranjeiras,,,,0,,,,0
Norte,Senhor do Bonfim,293010,Senhor do Bonfim,"108,33%","75,00%","183,33%",126.03937499999999,,"75,00%","98,15%",60.24375
Norte,Juazeiro,293020,Sento Sé,,,,0,"5,77%",,,1.803125
Norte,Santa Maria da Vitória,293015,Serra do Ramalho,"32,64%","48,61%","44,44%",42.055625,,,,0
Oeste,Santa Maria da Vitória,293030,Serra Dourada,"0,83%",,,0.25937499999999997,,,,0
Centro Leste,Feira de Santana,293040,Serra Preta,,,,0,,,,0
Centro Leste,Serrinha,293050,Serrinha,"107,41%","120,37%","120,37%",116.32000000000001,"104,17%","120,37%","120,37%",115.3075
Centro Norte,Jacobina,293060,Serrolândia,"43,33%","43,33%","43,33%",43.33,"10,00%","10,00%","10,00%",10
Leste,Camaçari,293070,Simões Filho,,"76,45%","76,45%",52.55937499999999,,,,0
Oeste,Santa Maria da Vitória,293075,Sítio do Mato,"98,33%",,,30.728124999999995,"83,33%",,,26.040625
Nordeste,Ribeira do Pombal,293076,Sítio do Quinto,"65,74%","74,07%","75,00%",71.815625,"73,15%","83,33%","82,41%",79.80375
Norte,Juazeiro,293077,Sobradinho,,,,0,,,,0
Centro Leste,Seabra,293080,Souto Soares,"100,00%","100,00%","98,33%",99.37375,"100,83%","100,83%","100,83%",100.83
Oeste,Barreiras,293090,Tabocas do Brejo Velho,,,,0,,,,0
Sudoeste,Brumado,293100,Tanhaçú,"96,21%","121,21%","125,00%",114.81875,"109,09%","108,33%","118,94%",112.54625
Sudoeste,Guanambi,293105,Tanque Novo,"86,67%","90,00%","90,00%",88.95937500000001,"75,00%","75,00%","74,17%",74.68875
Centro Leste,Feira de Santana,293110,Tanquinho,,"98,15%","98,15%",67.478125,,"89,81%","89,81%",61.744375
Sul,Valença,293120,Taperoá,,"88,64%","90,15%",61.506249999999994,,"56,06%","56,82%",38.82625
Centro Norte,Jacobina,293130,Tapiramutá,"16,67%","16,67%","16,67%",16.669999999999995,"30,83%","32,50%","30,83%",31.351875
Extremo Sul,Teixeira de Freitas,293135,Teixeira de Freitas,"72,44%","96,79%","96,79%",89.18062499999998,"73,72%","97,44%","97,44%",90.0275
Centro Leste,Feira de Santana,293140,Teodoro Sampaio,"93,52%","93,52%","93,52%",93.52,"98,15%","100,00%","100,00%",99.421875
Centro Leste,Serrinha,293150,Teofilândia,"121,21%","121,21%","121,21%",121.20999999999998,"112,88%","112,88%","112,12%",112.595
Sul,Valença,293160,Teolândia,"94,17%","97,50%","97,50%",96.459375,"99,17%","99,17%","18,33%",68.855
Centro Leste,Feira de Santana,293170,Terra Nova,"30,83%","65,00%","65,00%",54.321875,"18,33%","38,33%","38,33%",32.08
Sudoeste,Vitória da Conquista,293180,Tremedal,"95,00%","99,17%","100,00%",98.17812500000001,"50,00%","49,17%","49,17%",49.429375
Centro Leste,Serrinha,293190,Tucano,"76,67%","87,78%","87,22%",84.098125,"51,11%","55,56%","55,56%",54.169375
Norte,Juazeiro,293200,Uauá,"44,70%",,,13.96875,,,,0
Leste,Santo Antônio de Jesus,293210,Ubaíra,"12,12%","27,27%","26,52%",22.254375,"19,70%","20,45%","19,70%",19.934375
Sul,Itabuna,293220,Ubaitaba,,,,0,,,,0
Sul,Itabuna,293230,Ubatã,,"39,58%","44,44%",29.033749999999998,,"49,31%","58,33%",37.283125
Centro Norte,Irecê,293240,Uibaí,,,,0,,,,0
Centro Norte,Jacobina,293245,Umburanas,,"78,79%","79,55%",54.45312499999999,,"78,79%","77,27%",53.598125
Sul,Ilhéus,293250,Una,,"75,00%","90,91%",57.528749999999995,,"49,24%","72,73%",42.66125
Sudoeste,Guanambi,293260,Urandi,"18,33%","100,00%","99,17%",74.16687499999999,"6,67%","80,83%","80,00%",57.34375
Sul,Ilhéus,293270,Uruçuca,,"48,48%","53,79%",35.32125,,"59,09%","75,00%",46.590625
Centro Leste,Itaberaba,293280,Utinga,,,,0,,,,0
Sul,Valença,293290,Valença,"98,75%","98,75%","98,75%",98.75,"75,00%","75,00%","66,25%",71.71875
Centro Leste,Serrinha,293300,Valente ,"128,47%","128,47%","128,47%",128.47,"104,17%","104,86%","104,86%",104.644375
Centro Norte,Jacobina,293305,Várzea da Roça,"49,17%","74,17%","74,17%",66.35749999999999,"41,67%","75,00%","75,00%",64.584375
Centro Norte,Jacobina,293310,Várzea do Poço,"41,67%","56,48%","56,48%",51.85187499999999,"14,81%","16,67%","15,74%",15.74
Centro Norte,Jacobina,293315,Várzea Nova,"94,17%","89,17%","88,33%",90.4175,"125,83%","104,17%","104,17%",110.93875
Leste,Santo Antônio de Jesus,293317,Varzedo,"95,37%","115,74%","115,74%",109.37437499999999,"119,44%","126,85%","125,93%",124.189375
Leste,Salvador,293320,Vera Cruz,"69,64%","71,43%","70,83%",70.645625,"35,12%","89,88%","90,48%",72.9925
Extremo Sul,Teixeira de Freitas,293325,Vereda,,"38,89%","39,81%",27.081874999999993,"66,67%","96,30%","96,30%",87.040625
Sudoeste,Vitória da Conquista,293330,Vitória da Conquista,"97,30%","97,30%","97,30%",97.3,"54,05%","54,05%","53,83%",53.9675
Centro Leste,Itaberaba,293340,Wagner,,,,0,,,,0
Oeste,Barreiras,293345,Wanderley,"173,33%","150,83%","137,50%",152.8625,"33,33%","15,00%","15,00%",20.728125
Sul,Valença,293350,Wenceslau Guimarães,"100,00%","100,00%","100,76%",100.285,"100,00%","99,24%","90,91%",96.35375
Centro Norte,Irecê,293360,Xique-Xique,"59,52%","59,52%","58,93%",59.29874999999999,"103,57%","102,98%","101,79%",102.718125
